"author fan count","original message","original message sentiment","original message received timestamp","response timestamp","response time (minutes)"
"","Do you sell chocolate cakes?","neutral","2023-01-18 15:41:50","2023-01-22 12:52:03","5590"
"","Yes, we do!","neutral","2023-01-18 15:41:51","2023-01-24 09:31:48","8269"
"","Do you sell drinks?","neutral","2023-01-18 15:46:26","2023-01-22 12:52:03","5585"
"","No, we don't. :(","negative","2023-01-18 15:46:28","2023-01-24 09:31:48","8265"
"","Hi, do you have lunch?","neutral","2023-01-18 17:32:53","2023-01-22 12:52:02","5479"
"","Yes we do!","positive","2023-01-18 17:32:54","2023-01-24 09:31:48","8158"
"","Hi, do you guys have dinner?","neutral","2023-01-18 17:35:15","2023-01-24 09:31:48","8156"
"","Yes, we do!","neutral","2023-01-18 17:35:16","2023-01-22 12:52:02","5476"
"","Do you sell cakesssss?","negative","2023-01-18 18:36:15","2023-01-22 12:52:01","5415"
"","Yes we do!","positive","2023-01-18 18:36:16","2023-01-24 09:31:48","8095"
"","Question number 1? ","neutral","2023-01-18 19:56:01","2023-01-22 12:52:01","5336"
"","A 1","neutral","2023-01-18 19:56:03","2023-01-24 09:31:48","8015"
"","Question n 1?","neutral","2023-01-18 19:59:13","2023-01-22 12:52:00","5332"
"","A n 1","neutral","2023-01-18 19:59:14","2023-01-24 09:31:48","8012"
"","Is this address: ?","neutral","2023-01-18 20:01:33","2023-01-22 12:51:59","5330"
"","No","negative","2023-01-18 20:01:34","2023-01-24 09:31:48","8010"
"","Do you sell banana cakes?","neutral","2023-01-19 14:03:44","2023-01-22 12:51:58","4248"
"","Yes, we do!","neutral","2023-01-19 14:03:46","2023-01-24 09:31:48","6928"
"","Where can I find you?","neutral","2023-01-19 14:24:30","2023-01-20 13:11:33","1367"
"","Rua Telemaco Carneiro, 858","neutral","2023-01-19 14:24:32","2023-01-24 09:31:48","6907"
"","Do you sell chocolate cakes in ?","neutral","2023-01-19 15:13:49","2023-01-20 13:11:32","1317"
"","Yes, we do! ()","positive","2023-01-19 15:13:51","2023-01-24 09:31:48","6857"
"","Do you sell chocolate cakes in Arapoti?","neutral","2023-01-19 15:13:54","2023-01-20 13:11:31","1317"
"","Yes, we do! (Arapoti)","positive","2023-01-19 15:13:56","2023-01-24 09:31:48","6857"
"","Do you sell drinks in ?","neutral","2023-01-19 15:17:01","2023-01-20 13:11:30","1314"
"","Yes, we do! ","neutral","2023-01-19 15:17:02","2023-01-24 09:31:48","6854"
"","Do you sell drinks in ?","neutral","2023-01-19 15:17:31","2023-01-20 13:11:29","1313"
"","Yes, we do! ","neutral","2023-01-19 15:17:32","2023-01-24 09:31:48","6854"
"","Do you sell drinks in ?","neutral","2023-01-19 15:17:38","2023-01-20 13:11:29","1313"
"","Yes, we do! ","neutral","2023-01-19 15:17:40","2023-01-24 09:31:48","6854"
"","Where can i find you?","neutral","2023-01-19 15:48:47","2023-01-20 13:11:27","1282"
"","Please visit us in   ","neutral","2023-01-19 15:48:47","2023-01-24 09:31:48","6823"
"","Where can i find you?","neutral","2023-01-19 15:49:25","2023-01-20 13:11:26","1282"
"","Please visit us in Rua Telemaco Carneiro, 858 Arapoti Parana","neutral","2023-01-19 15:49:27","2023-01-22 12:51:58","4142"
"","(Translated by Google) Please visit us at Rua Telemaco Carneiro, 858 Arapoti Parana  (Original) Please visit us in Rua Telemaco Carneiro, 858 Arapoti Parana","neutral","2023-01-19 15:49:27","2023-01-24 09:31:48","6822"
"","(Translated by Google) Please visit us at Rua Telemaco Carneiro, 858 Arapoti Parana  (Original) Please visit us in Rua Telemaco Carneiro, 858 Arapoti Parana","neutral","2023-01-19 15:49:27","2023-01-24 09:31:48","6822"
"","are you open?","neutral","2023-01-19 17:33:17","2023-01-20 13:11:25","1178"
"","Where I can find you?","neutral","2023-01-19 17:46:40","2023-01-20 13:11:23","1164"
"","Please visit us on Rua Telemaco Carneiro, 858 Arapoti Parana","neutral","2023-01-19 17:46:42","2023-01-24 09:31:48","6705"
"","Yes we are !","positive","2023-01-19 18:55:15","2023-01-24 09:31:48","6636"
"0","RT @santoshcpcs: 20 jan llib https://t.co/XLmX5resvT","neutral","2023-01-20 07:45:43","2023-01-24 09:31:48","5866"
"0","RT @santoshcpcs: 20 jan llib https://t.co/XLmX5resvT","neutral","2023-01-20 07:45:44","2023-01-24 09:31:48","5866"
"0","@santoshcpcs Yummy Cake","positive","2023-01-20 07:45:44","2023-01-24 09:31:48","5866"
"0","RT @santoshcpcs: 20 jan llib https://t.co/XLmX5resvT","neutral","2023-01-20 07:45:45","2023-01-24 09:31:48","5866"
"0","@santoshcpcs Yummy Cake","positive","2023-01-20 07:45:46","2023-01-24 09:31:48","5866"
"0","RT @santoshcpcs: 20 jan llib https://t.co/XLmX5resvT","neutral","2023-01-20 07:45:46","2023-01-24 09:31:48","5866"
"0","@santoshcpcs Yummy Cake","positive","2023-01-20 07:45:47","2023-01-24 09:31:48","5866"
"0","RT @santoshcpcs: 20 jan llib https://t.co/XLmX5resvT","neutral","2023-01-20 07:45:48","2023-01-24 09:31:48","5866"
"0","@santoshcpcs Yummy Cake","positive","2023-01-20 07:45:48","2023-01-24 09:31:48","5866"
"0","@santoshcpcs Yummy Cake","positive","2023-01-20 07:45:50","2023-01-24 09:31:48","5865"
"0","@santoshcpcs Yummy Cake","positive","2023-01-20 07:45:51","2023-01-24 09:31:48","5865"
"0","@santoshcpcs Yummy Cake","positive","2023-01-20 07:45:53","2023-01-24 09:31:48","5865"
"0","@santoshcpcs Delicious Cake","positive","2023-01-20 07:45:53","",""
"0","RT @santoshcpcs: 20 jan llib https://t.co/XLmX5resvT","neutral","2023-01-20 07:45:53","2023-01-24 09:31:48","5865"
"0","@santoshcpcs Yummy Cake","positive","2023-01-20 07:45:54","2023-01-24 09:31:48","5865"
"0","@santoshcpcs Yummy Cake","positive","2023-01-20 07:45:55","2023-01-24 09:31:48","5865"
"0","@santoshcpcs Delicious Cake","positive","2023-01-20 07:45:56","2023-01-24 09:31:48","5865"
"0","@santoshcpcs Yummy Cake","positive","2023-01-20 07:45:57","2023-01-24 09:31:48","5865"
"0","@santoshcpcs Yummy Cake","positive","2023-01-20 07:45:58","2023-01-24 09:31:48","5865"
"0","@santoshcpcs Delicious Cake","positive","2023-01-20 07:45:58","2023-01-24 09:31:48","5865"
"0","@santoshcpcs Delicious Cake","positive","2023-01-20 07:46:00","2023-01-24 09:31:48","5865"
"0","@santoshcpcs Yummy Cake","positive","2023-01-20 07:46:00","2023-01-24 09:31:48","5865"
"0","@santoshcpcs Yummy Cake","positive","2023-01-20 07:46:02","2023-01-24 09:31:48","5865"
"0","@santoshcpcs Delicious Cake","positive","2023-01-20 07:46:02","2023-01-24 09:31:48","5865"
"0","@santoshcpcs Yummy Cake","positive","2023-01-20 07:46:04","2023-01-24 09:31:48","5865"
"0","@santoshcpcs Delicious Cake","positive","2023-01-20 07:46:04","2023-01-24 09:31:48","5865"
"0","@santoshcpcs Sweet Cake","positive","2023-01-20 07:46:05","",""
"0","@santoshcpcs Yummy Cake","positive","2023-01-20 07:46:06","2023-01-24 09:31:48","5865"
"0","@santoshcpcs Delicious Cake","positive","2023-01-20 07:46:07","2023-01-24 09:31:48","5865"
"0","@santoshcpcs Yummy Cake","positive","2023-01-20 07:46:08","2023-01-24 09:31:48","5865"
"0","@santoshcpcs Sweet Cake","positive","2023-01-20 07:46:09","2023-01-24 09:31:48","5865"
"0","@santoshcpcs Delicious Cake","positive","2023-01-20 07:46:09","2023-01-24 09:31:48","5865"
"0","@santoshcpcs Sweet Cake","positive","2023-01-20 07:46:10","2023-01-24 09:31:48","5865"
"0","@santoshcpcs Delicious Cake","positive","2023-01-20 07:46:10","2023-01-24 09:31:48","5865"
"0","@santoshcpcs Delicious Cake","positive","2023-01-20 07:46:12","2023-01-24 09:31:48","5865"
"0","@santoshcpcs Sweet Cake","positive","2023-01-20 07:46:12","2023-01-24 09:31:48","5865"
"0","@santoshcpcs Delicious Cake","positive","2023-01-20 07:46:13","2023-01-24 09:31:48","5865"
"0","@santoshcpcs Sweet Cake","positive","2023-01-20 07:46:13","2023-01-24 09:31:48","5865"
"0","@santoshcpcs Yummy Cake","positive","2023-01-20 07:46:14","2023-01-24 09:31:48","5865"
"0","@santoshcpcs Delicious Cake","positive","2023-01-20 07:46:14","2023-01-24 09:31:48","5865"
"0","@santoshcpcs Sweet Cake","positive","2023-01-20 07:46:14","2023-01-24 09:31:48","5865"
"0","@santoshcpcs Sweet Cake","positive","2023-01-20 07:46:17","2023-01-24 09:31:48","5865"
"0","@santoshcpcs Delicious Cake","positive","2023-01-20 07:46:17","2023-01-24 09:31:48","5865"
"0","@santoshcpcs Awesome Video Post","positive","2023-01-20 07:46:17","",""
"0","@santoshcpcs Delicious Cake","positive","2023-01-20 07:46:18","2023-01-24 09:31:48","5865"
"0","@santoshcpcs Sweet Cake","positive","2023-01-20 07:46:18","2023-01-24 09:31:48","5865"
"0","@santoshcpcs Sweet Cake","positive","2023-01-20 07:46:20","2023-01-24 09:31:48","5865"
"0","@santoshcpcs Delicious Cake","positive","2023-01-20 07:46:20","2023-01-24 09:31:48","5865"
"0","@santoshcpcs Awesome Video Post","positive","2023-01-20 07:46:20","2023-01-24 09:31:48","5865"
"0","@santoshcpcs Sweet Cake","positive","2023-01-20 07:46:21","2023-01-24 09:31:48","5865"
"0","@santoshcpcs Delicious Cake","positive","2023-01-20 07:46:21","2023-01-24 09:31:48","5865"
"0","@santoshcpcs Awesome Video Post","positive","2023-01-20 07:46:21","2023-01-24 09:31:48","5865"
"0","@santoshcpcs Sweet Cake","positive","2023-01-20 07:46:22","2023-01-24 09:31:48","5865"
"0","@santoshcpcs Delicious Cake","positive","2023-01-20 07:46:22","2023-01-24 09:31:48","5865"
"0","@santoshcpcs Sweet Cake","positive","2023-01-20 07:46:23","2023-01-24 09:31:48","5865"
"0","@santoshcpcs Awesome Video Post","positive","2023-01-20 07:46:23","2023-01-24 09:31:48","5865"
"0","@santoshcpcs Delicious Cake","positive","2023-01-20 07:46:23","2023-01-24 09:31:48","5865"
"0","@santoshcpcs Awesome Video Post","positive","2023-01-20 07:46:25","2023-01-24 09:31:48","5865"
"0","@santoshcpcs Sweet Cake","positive","2023-01-20 07:46:25","2023-01-24 09:31:48","5865"
"0","@santoshcpcs Delicious Cake","positive","2023-01-20 07:46:25","2023-01-24 09:31:48","5865"
"0","@santoshcpcs Sweet Cake","positive","2023-01-20 07:46:27","2023-01-24 09:31:48","5865"
"0","@santoshcpcs Yummy Cake","positive","2023-01-20 07:46:27","",""
"0","@santoshcpcs Awesome Video Post","positive","2023-01-20 07:46:27","2023-01-24 09:31:48","5865"
"0","@santoshcpcs Sweet Cake","positive","2023-01-20 07:46:29","2023-01-24 09:31:48","5865"
"0","@santoshcpcs Awesome Video Post","positive","2023-01-20 07:46:29","2023-01-24 09:31:48","5865"
"0","@santoshcpcs Sweet Cake","positive","2023-01-20 07:46:30","2023-01-24 09:31:48","5865"
"0","@santoshcpcs Yummy Cake","positive","2023-01-20 07:46:30","2023-01-24 09:31:48","5865"
"0","@santoshcpcs Awesome Video Post","positive","2023-01-20 07:46:30","2023-01-24 09:31:48","5865"
"0","@santoshcpcs Sweet Cake","positive","2023-01-20 07:46:31","2023-01-24 09:31:48","5865"
"0","@santoshcpcs Yummy Cake","positive","2023-01-20 07:46:32","2023-01-24 09:31:48","5865"
"0","@santoshcpcs Awesome Video Post","positive","2023-01-20 07:46:32","2023-01-24 09:31:48","5865"
"0","@santoshcpcs Delicious Cake","positive","2023-01-20 07:46:33","2023-01-24 09:31:48","5865"
"0","@santoshcpcs Sweet Cake","positive","2023-01-20 07:46:33","2023-01-24 09:31:48","5865"
"0","@santoshcpcs Yummy Cake","positive","2023-01-20 07:46:33","2023-01-24 09:31:48","5865"
"0","@santoshcpcs Awesome Video Post","positive","2023-01-20 07:46:34","2023-01-24 09:31:48","5865"
"0","@santoshcpcs Sweet Cake","positive","2023-01-20 07:46:34","2023-01-24 09:31:48","5865"
"0","@santoshcpcs Awesome Video Post","positive","2023-01-20 07:46:35","2023-01-24 09:31:48","5865"
"0","@santoshcpcs Yummy Cake","positive","2023-01-20 07:46:35","2023-01-24 09:31:48","5865"
"0","@santoshcpcs Awesome Video Post","positive","2023-01-20 07:46:37","2023-01-24 09:31:48","5865"
"0","@santoshcpcs Yummy Cake","positive","2023-01-20 07:46:37","2023-01-24 09:31:48","5865"
"0","@santoshcpcs Best Cake Gif","positive","2023-01-20 07:46:37","",""
"0","@santoshcpcs Awesome Video Post","positive","2023-01-20 07:46:38","2023-01-24 09:31:48","5865"
"0","@santoshcpcs Awesome Video Post","positive","2023-01-20 07:46:39","2023-01-24 09:31:48","5865"
"0","@santoshcpcs Yummy Cake","positive","2023-01-20 07:46:39","2023-01-24 09:31:48","5865"
"0","@santoshcpcs Best Cake Gif","positive","2023-01-20 07:46:40","2023-01-24 09:31:48","5865"
"0","@santoshcpcs Awesome Video Post","positive","2023-01-20 07:46:41","2023-01-24 09:31:48","5865"
"0","@santoshcpcs Yummy Cake","positive","2023-01-20 07:46:41","2023-01-24 09:31:48","5865"
"0","@santoshcpcs Best Cake Gif","positive","2023-01-20 07:46:42","2023-01-24 09:31:48","5865"
"0","@santoshcpcs Awesome Video Post","positive","2023-01-20 07:46:42","2023-01-24 09:31:48","5865"
"0","@santoshcpcs Yummy Cake","positive","2023-01-20 07:46:43","2023-01-24 09:31:48","5865"
"0","@santoshcpcs Sweet Cake","positive","2023-01-20 07:46:43","2023-01-24 09:31:48","5865"
"0","@santoshcpcs Best Cake Gif","positive","2023-01-20 07:46:43","2023-01-24 09:31:48","5865"
"0","@santoshcpcs Awesome Video Post","positive","2023-01-20 07:46:43","2023-01-24 09:31:48","5865"
"0","@santoshcpcs Yummy Cake","positive","2023-01-20 07:46:44","2023-01-24 09:31:48","5865"
"0","@santoshcpcs Best Cake Gif","positive","2023-01-20 07:46:44","2023-01-24 09:31:48","5865"
"0","@santoshcpcs Awesome Video Post","positive","2023-01-20 07:46:45","2023-01-24 09:31:48","5865"
"0","@santoshcpcs Awesome Video Post","positive","2023-01-20 07:46:46","2023-01-24 09:31:48","5865"
"0","@santoshcpcs Best Cake Gif","positive","2023-01-20 07:46:46","2023-01-24 09:31:48","5865"
"0","@santoshcpcs Yummy Cake","positive","2023-01-20 07:46:47","2023-01-24 09:31:48","5865"
"0","@santoshcpcs Best Cake Gif","positive","2023-01-20 07:46:48","2023-01-24 09:31:48","5865"
"0","@santoshcpcs Yummy Cake","positive","2023-01-20 07:46:49","2023-01-24 09:31:48","5864"
"0","@santoshcpcs Best Cake Gif","positive","2023-01-20 07:46:50","2023-01-24 09:31:48","5864"
"0","@santoshcpcs Yummy Cake","positive","2023-01-20 07:46:51","2023-01-24 09:31:48","5864"
"0","@santoshcpcs Best Cake Gif","positive","2023-01-20 07:46:52","2023-01-24 09:31:48","5864"
"0","@santoshcpcs Best Cake Gif","positive","2023-01-20 07:46:54","2023-01-24 09:31:48","5864"
"0","@santoshcpcs Yummy Cake","positive","2023-01-20 07:46:55","2023-01-24 09:31:48","5864"
"0","@santoshcpcs Awesome Video Post","positive","2023-01-20 07:46:55","2023-01-24 09:31:48","5864"
"0","@santoshcpcs Best Cake Gif","positive","2023-01-20 07:46:57","2023-01-24 09:31:48","5864"
"0","@santoshcpcs Best Cake Gif","positive","2023-01-20 07:46:59","2023-01-24 09:31:48","5864"
"0","@santoshcpcs Yummy Cake","positive","2023-01-20 07:47:00","2023-01-24 09:31:48","5864"
"0","@santoshcpcs Best Cake Gif","positive","2023-01-20 07:47:00","2023-01-24 09:31:48","5864"
"0","@santoshcpcs Yummy Cake","positive","2023-01-20 07:47:03","2023-01-24 09:31:48","5864"
"0","@santoshcpcs Best Cake Gif","positive","2023-01-20 07:47:04","2023-01-24 09:31:48","5864"
"0","@santoshcpcs Yummy Cake","positive","2023-01-20 07:47:05","2023-01-24 09:31:48","5864"
"0","@santoshcpcs Best Cake Gif","positive","2023-01-20 07:47:06","2023-01-24 09:31:48","5864"
"0","@santoshcpcs Best Cake Gif","positive","2023-01-20 07:47:07","2023-01-24 09:31:48","5864"
"0","@santoshcpcs Yummy Cake","positive","2023-01-20 07:47:08","2023-01-24 09:31:48","5864"
"0","@santoshcpcs Best Cake Gif","positive","2023-01-20 07:47:09","2023-01-24 09:31:48","5864"
"0","@santoshcpcs Best Cake Gif","positive","2023-01-20 07:47:10","2023-01-24 09:31:48","5864"
"0","@santoshcpcs Yummy Cake","positive","2023-01-20 07:47:11","2023-01-24 09:31:48","5864"
"0","@santoshcpcs Best Cake Gif","positive","2023-01-20 07:47:11","2023-01-24 09:31:48","5864"
"0","@santoshcpcs Yummy Cake","positive","2023-01-20 07:47:17","2023-01-24 09:31:48","5864"
"0","@santoshcpcs Best Cake Gif","positive","2023-01-20 07:47:18","2023-01-24 09:31:48","5864"
"","Awesome Post","positive","2023-01-20 08:08:46","2023-01-24 09:31:48","5843"
"","Awesome Post","positive","2023-01-20 08:08:54","2023-01-24 09:31:48","5842"
"","Great Weather","positive","2023-01-20 08:08:58","2023-01-24 09:31:48","5842"
"","Nice Post","positive","2023-01-20 08:09:01","2023-01-24 09:31:48","5842"
"","Great Weather","positive","2023-01-20 08:09:02","2023-01-24 09:31:48","5842"
"","Nice Post","positive","2023-01-20 08:09:05","2023-01-24 09:31:48","5842"
"","Awesome Post","positive","2023-01-20 08:09:28","2023-01-24 09:31:48","5842"
"","Great Weather","positive","2023-01-20 08:09:34","2023-01-24 09:31:48","5842"
"","Nice Post","positive","2023-01-20 08:09:36","2023-01-24 09:31:48","5842"
"","Awesome Post","positive","2023-01-20 08:14:51","2023-01-24 09:31:48","5836"
"","Great Weather","positive","2023-01-20 08:15:13","2023-01-24 09:31:48","5836"
"","Nice Post","positive","2023-01-20 08:15:20","2023-01-24 09:31:48","5836"
"","Awesome Post","positive","2023-01-20 08:17:45","2023-01-24 09:31:48","5834"
"","Great Weather","positive","2023-01-20 08:18:12","2023-01-24 09:31:48","5833"
"","Nice Post","positive","2023-01-20 08:18:14","2023-01-24 09:31:48","5833"
"","Awesome Post","positive","2023-01-20 08:18:51","2023-01-24 09:31:48","5832"
"","Great Weather","positive","2023-01-20 08:18:56","2023-01-24 09:31:48","5832"
"","Nice Post","positive","2023-01-20 08:19:00","2023-01-24 09:31:48","5832"
"","Awesome Post","positive","2023-01-20 08:21:20","2023-01-24 09:31:48","5830"
"","Great Weather","positive","2023-01-20 08:21:31","2023-01-24 09:31:48","5830"
"","Nice Post","positive","2023-01-20 08:21:35","2023-01-24 09:31:48","5830"
"","Awesome Post","positive","2023-01-20 08:23:14","2023-01-24 09:31:48","5828"
"","Great Weather","positive","2023-01-20 08:23:28","2023-01-24 09:31:48","5828"
"","Nice Post","positive","2023-01-20 08:23:35","2023-01-24 09:31:48","5828"
"","Awesome Post","positive","2023-01-20 08:25:56","2023-01-24 09:31:48","5825"
"","Great Weather","positive","2023-01-20 08:26:05","2023-01-24 09:31:48","5825"
"","Nice Post","positive","2023-01-20 08:26:09","2023-01-24 09:31:48","5825"
"","Awesome Post","positive","2023-01-20 08:26:16","2023-01-24 09:31:48","5825"
"","Great Weather","positive","2023-01-20 08:26:30","2023-01-24 09:31:48","5825"
"","Nice Post","positive","2023-01-20 08:26:32","2023-01-24 09:31:48","5825"
"","Awesome Post","positive","2023-01-20 08:29:15","2023-01-24 09:31:48","5822"
"","Great Weather","positive","2023-01-20 08:29:23","2023-01-24 09:31:48","5822"
"","Nice Post","positive","2023-01-20 08:29:27","2023-01-24 09:31:48","5822"
"","Awesome Post","positive","2023-01-20 08:29:33","2023-01-24 09:31:48","5822"
"","Great Weather","positive","2023-01-20 08:29:43","2023-01-24 09:31:48","5822"
"","Nice Post","positive","2023-01-20 08:29:45","2023-01-24 09:31:48","5822"
"","Awesome Post","positive","2023-01-20 08:33:41","2023-01-24 09:31:48","5818"
"","Great Weather","positive","2023-01-20 08:34:04","2023-01-24 09:31:48","5817"
"","Nice Post","positive","2023-01-20 08:34:15","2023-01-24 09:31:48","5817"
"","Awesome Post","positive","2023-01-20 08:49:24","2023-01-24 09:31:48","5802"
"","Great Weather","positive","2023-01-20 08:49:33","2023-01-24 09:31:48","5802"
"","Nice Post","positive","2023-01-20 08:49:39","2023-01-24 09:31:48","5802"
"","Do you sell drinks?","neutral","2023-01-20 14:58:50","2023-01-21 20:53:09","1794"
"","Do you sell drinks?","neutral","2023-01-20 14:58:50","2023-01-21 20:56:48","1797"
"","No, we don't. :(","negative","2023-01-20 14:58:52","2023-01-24 09:31:48","5432"
"","No, we don't. :(","negative","2023-01-20 14:58:52","2023-01-24 09:31:48","5432"
"","Do you sell drinks?","neutral","2023-01-20 14:59:48","2023-01-21 20:53:08","1793"
"","Do you sell drinks?","neutral","2023-01-20 14:59:48","2023-01-21 20:56:47","1796"
"","No, we don't. :(","negative","2023-01-20 14:59:49","2023-01-24 09:31:48","5431"
"","No, we don't. :(","negative","2023-01-20 14:59:49","2023-01-24 09:31:48","5431"
"","Do you sell drinks?","neutral","2023-01-20 14:59:50","2023-01-24 09:31:48","5431"
"","Do you sell drinks?","neutral","2023-01-20 14:59:50","2023-01-24 09:31:48","5431"
"","No, we don't. :(","negative","2023-01-20 14:59:51","2023-01-21 20:53:06","1793"
"","No, we don't. :(","negative","2023-01-20 14:59:51","2023-01-21 20:56:47","1796"
"","Do you sell drinks?","neutral","2023-01-20 15:00:31","2023-01-21 20:53:04","1792"
"","Do you sell drinks?","neutral","2023-01-20 15:00:31","2023-01-21 20:56:46","1796"
"","No, we don't. :(","negative","2023-01-20 15:00:32","2023-01-24 09:31:48","5431"
"","No, we don't. :(","negative","2023-01-20 15:00:32","2023-01-24 09:31:48","5431"
"","Do you sell chocolate cakes? Q1","neutral","2023-01-20 15:10:32","2023-01-21 20:53:03","1782"
"","Do you sell chocolate cakes? Q1","neutral","2023-01-20 15:10:32","2023-01-21 20:56:44","1786"
"","Yes, we do! Q1","positive","2023-01-20 15:10:34","2023-01-24 09:31:48","5421"
"","Yes, we do! Q1","positive","2023-01-20 15:10:34","2023-01-24 09:31:48","5421"
"","Do you sell drinks? Q2","neutral","2023-01-20 15:10:36","2023-01-21 20:53:01","1782"
"","Do you sell drinks? Q2","neutral","2023-01-20 15:10:36","2023-01-21 20:56:44","1786"
"","No, we don't. :( Q2","negative","2023-01-20 15:10:37","2023-01-24 09:31:48","5421"
"","No, we don't. :( Q2","negative","2023-01-20 15:10:37","2023-01-24 09:31:48","5421"
"","Do you sell chocolate cakes? Q1","neutral","2023-01-20 15:10:45","2023-01-21 20:52:57","1782"
"","Do you sell chocolate cakes? Q1","neutral","2023-01-20 15:10:45","2023-01-21 20:56:43","1785"
"","Yes, we do! Q1","positive","2023-01-20 15:10:46","2023-01-24 09:31:48","5421"
"","Yes, we do! Q1","positive","2023-01-20 15:10:46","2023-01-24 09:31:48","5421"
"","Do you sell drinks? Q2","neutral","2023-01-20 15:10:47","2023-01-21 20:52:55","1782"
"","Do you sell drinks? Q2","neutral","2023-01-20 15:10:47","2023-01-21 20:56:42","1785"
"","No, we don't. :( Q2","negative","2023-01-20 15:10:49","2023-01-24 09:31:48","5420"
"","No, we don't. :( Q2","negative","2023-01-20 15:10:49","2023-01-24 09:31:48","5420"
"","Great Post","positive","2023-01-21 12:25:22","",""
"","Delicios Cake","positive","2023-01-21 12:25:27","",""
"","Yummy Cake","positive","2023-01-21 12:25:33","",""
"","Great Post","positive","2023-01-21 12:25:37","2023-01-24 09:31:48","4146"
"","Wonderful Cake","positive","2023-01-21 12:25:38","",""
"","Delicios Cake","positive","2023-01-21 12:25:39","2023-01-24 09:31:48","4146"
"","Awesome Post","positive","2023-01-21 12:25:43","",""
"","Yummy Cake","positive","2023-01-21 12:25:43","2023-01-24 09:31:48","4146"
"","Wonderful Cake","positive","2023-01-21 12:25:48","2023-01-24 09:31:48","4146"
"","Nice Post","positive","2023-01-21 12:25:50","",""
"","Awesome Post","positive","2023-01-21 12:25:51","2023-01-24 09:31:48","4145"
"","Nice Post","positive","2023-01-21 12:25:55","2023-01-24 09:31:48","4145"
"","Great Weather","positive","2023-01-21 12:25:55","",""
"","Great Weather","positive","2023-01-21 12:25:58","2023-01-24 09:31:48","4145"
"","Great Post","positive","2023-01-21 12:26:30","2023-01-24 09:31:48","4145"
"","Delicios Cake","positive","2023-01-21 12:26:32","2023-01-24 09:31:48","4145"
"","Yummy Cake","positive","2023-01-21 12:26:35","2023-01-24 09:31:48","4145"
"","Wonderful Cake","positive","2023-01-21 12:26:38","2023-01-24 09:31:48","4145"
"","Awesome Post","positive","2023-01-21 12:26:41","2023-01-24 09:31:48","4145"
"","Nice Post","positive","2023-01-21 12:26:45","2023-01-24 09:31:48","4145"
"","Great Weather","positive","2023-01-21 12:26:48","2023-01-24 09:31:48","4145"
"","Awesome Post","positive","2023-01-21 13:32:57","2023-01-24 09:31:48","4078"
"","Great Post","positive","2023-01-21 13:33:02","2023-01-24 09:31:48","4078"
"","Delicios Cake","positive","2023-01-21 13:33:04","2023-01-24 09:31:48","4078"
"","Yummy Cake","positive","2023-01-21 13:33:08","2023-01-24 09:31:48","4078"
"","Wonderful Cake","positive","2023-01-21 13:33:11","2023-01-24 09:31:48","4078"
"","Awesome Post","positive","2023-01-21 13:33:14","2023-01-24 09:31:48","4078"
"","Nice Post","positive","2023-01-21 13:33:18","2023-01-24 09:31:48","4078"
"","Great Weather","positive","2023-01-21 13:33:20","2023-01-24 09:31:48","4078"
"","Awesome Post","positive","2023-01-21 14:14:58","2023-01-24 09:31:48","4036"
"","Great Post","positive","2023-01-21 14:15:01","2023-01-24 09:31:48","4036"
"","Delicios Cake","positive","2023-01-21 14:15:03","2023-01-24 09:31:48","4036"
"","Yummy Cake","positive","2023-01-21 14:15:07","2023-01-24 09:31:48","4036"
"","Wonderful Cake","positive","2023-01-21 14:15:09","2023-01-24 09:31:48","4036"
"","Awesome Post","positive","2023-01-21 14:15:12","2023-01-24 09:31:48","4036"
"","Nice Post","positive","2023-01-21 14:15:17","2023-01-24 09:31:48","4036"
"","Great Weather","positive","2023-01-21 14:15:20","2023-01-24 09:31:48","4036"
"","Awesome Post","positive","2023-01-21 14:17:14","2023-01-24 09:31:48","4034"
"","Great Post","positive","2023-01-21 14:17:17","2023-01-24 09:31:48","4034"
"","Delicios Cake","positive","2023-01-21 14:17:20","2023-01-24 09:31:48","4034"
"","Yummy Cake","positive","2023-01-21 14:17:23","2023-01-24 09:31:48","4034"
"","Wonderful Cake","positive","2023-01-21 14:17:26","2023-01-24 09:31:48","4034"
"","Awesome Post","positive","2023-01-21 14:17:28","2023-01-24 09:31:48","4034"
"","Nice Post","positive","2023-01-21 14:17:31","2023-01-24 09:31:48","4034"
"","Great Weather","positive","2023-01-21 14:17:34","2023-01-24 09:31:48","4034"
"","Awesome Post","positive","2023-01-21 14:33:26","2023-01-24 09:31:48","4018"
"","Great Post","positive","2023-01-21 14:33:29","2023-01-24 09:31:48","4018"
"","Delicios Cake","positive","2023-01-21 14:33:33","2023-01-24 09:31:48","4018"
"","Yummy Cake","positive","2023-01-21 14:33:37","2023-01-24 09:31:48","4018"
"","Wonderful Cake","positive","2023-01-21 14:33:40","2023-01-24 09:31:48","4018"
"","Awesome Post","positive","2023-01-21 14:33:43","2023-01-24 09:31:48","4018"
"","Nice Post","positive","2023-01-21 14:33:47","2023-01-24 09:31:48","4018"
"","Great Weather","positive","2023-01-21 14:33:50","2023-01-24 09:31:48","4017"
"","Awesome Post","positive","2023-01-21 14:34:51","2023-01-24 09:31:48","4016"
"","Great Post","positive","2023-01-21 14:34:57","2023-01-24 09:31:48","4016"
"","Delicios Cake","positive","2023-01-21 14:35:00","2023-01-24 09:31:48","4016"
"","Yummy Cake","positive","2023-01-21 14:35:04","2023-01-24 09:31:48","4016"
"","Wonderful Cake","positive","2023-01-21 14:35:07","2023-01-24 09:31:48","4016"
"","Awesome Post","positive","2023-01-21 14:37:20","2023-01-24 09:31:48","4014"
"","Great Post","positive","2023-01-21 14:37:24","2023-01-24 09:31:48","4014"
"","Delicios Cake","positive","2023-01-21 14:37:28","2023-01-24 09:31:48","4014"
"","Yummy Cake","positive","2023-01-21 14:37:32","2023-01-24 09:31:48","4014"
"","Wonderful Cake","positive","2023-01-21 14:37:35","2023-01-24 09:31:48","4014"
"","Awesome Post","positive","2023-01-21 14:38:14","2023-01-24 09:31:48","4013"
"","Great Post","positive","2023-01-21 14:38:19","2023-01-24 09:31:48","4013"
"","Delicios Cake","positive","2023-01-21 14:38:21","2023-01-24 09:31:48","4013"
"","Yummy Cake","positive","2023-01-21 14:38:25","2023-01-24 09:31:48","4013"
"","Wonderful Cake","positive","2023-01-21 14:38:29","2023-01-24 09:31:48","4013"
"","Awesome Post","positive","2023-01-21 14:48:49","2023-01-24 09:31:48","4002"
"","Great Post","positive","2023-01-21 14:48:54","2023-01-24 09:31:48","4002"
"","Delicios Cake","positive","2023-01-21 14:48:59","2023-01-24 09:31:48","4002"
"","Yummy Cake","positive","2023-01-21 14:49:05","2023-01-24 09:31:48","4002"
"","Wonderful Cake","positive","2023-01-21 14:49:10","2023-01-24 09:31:48","4002"
"","Awesome Post","positive","2023-01-21 14:53:31","2023-01-24 09:31:48","3998"
"","Great Post","positive","2023-01-21 14:53:34","2023-01-24 09:31:48","3998"
"","Delicios Cake","positive","2023-01-21 14:53:37","2023-01-24 09:31:48","3998"
"","Yummy Cake","positive","2023-01-21 14:53:42","2023-01-24 09:31:48","3998"
"","Wonderful Cake","positive","2023-01-21 14:53:45","2023-01-24 09:31:48","3998"
"","Awesome Post","positive","2023-01-21 14:56:30","2023-01-24 09:31:48","3995"
"","Great Post","positive","2023-01-21 14:56:33","2023-01-24 09:31:48","3995"
"","Delicios Cake","positive","2023-01-21 14:56:35","2023-01-24 09:31:48","3995"
"","Yummy Cake","positive","2023-01-21 14:56:38","2023-01-24 09:31:48","3995"
"","Wonderful Cake","positive","2023-01-21 14:56:39","2023-01-24 09:31:48","3995"
"","Awesome Post","positive","2023-01-21 15:02:52","2023-01-24 09:31:48","3988"
"","Great Post","positive","2023-01-21 15:02:57","2023-01-24 09:31:48","3988"
"","Delicios Cake","positive","2023-01-21 15:03:00","2023-01-24 09:31:48","3988"
"","Yummy Cake","positive","2023-01-21 15:03:04","2023-01-24 09:31:48","3988"
"","Wonderful Cake","positive","2023-01-21 15:03:06","2023-01-24 09:31:48","3988"
"","Awesome Post","positive","2023-01-21 15:15:56","2023-01-24 09:31:48","3975"
"","Great Post","positive","2023-01-21 15:16:00","2023-01-24 09:31:48","3975"
"","Delicios Cake","positive","2023-01-21 15:16:02","2023-01-24 09:31:48","3975"
"","Yummy Cake","positive","2023-01-21 15:16:05","2023-01-24 09:31:48","3975"
"","Wonderful Cake","positive","2023-01-21 15:16:07","2023-01-24 09:31:48","3975"
"","Awesome Post","positive","2023-01-21 15:25:08","2023-01-24 09:31:48","3966"
"","Great Post","positive","2023-01-21 15:25:13","2023-01-24 09:31:48","3966"
"","Delicios Cake","positive","2023-01-21 15:25:18","2023-01-24 09:31:48","3966"
"","Yummy Cake","positive","2023-01-21 15:25:23","2023-01-24 09:31:48","3966"
"","Wonderful Cake","positive","2023-01-21 15:25:27","2023-01-24 09:31:48","3966"
"","Awesome Post","positive","2023-01-21 15:28:44","2023-01-24 09:31:48","3963"
"","Great Post","positive","2023-01-21 15:28:48","2023-01-24 09:31:48","3963"
"","Delicios Cake","positive","2023-01-21 15:28:53","2023-01-24 09:31:48","3962"
"","Yummy Cake","positive","2023-01-21 15:28:59","2023-01-24 09:31:48","3962"
"","Wonderful Cake","positive","2023-01-21 15:29:02","2023-01-24 09:31:48","3962"
"","Awesome Post","positive","2023-01-21 15:41:02","2023-01-24 09:31:48","3950"
"","Great Post","positive","2023-01-21 15:41:08","2023-01-24 09:31:48","3950"
"","Delicios Cake","positive","2023-01-21 15:41:13","2023-01-24 09:31:48","3950"
"","Yummy Cake","positive","2023-01-21 15:41:19","2023-01-24 09:31:48","3950"
"","Wonderful Cake","positive","2023-01-21 15:41:24","2023-01-24 09:31:48","3950"
"","Awesome Post","positive","2023-01-21 15:43:25","2023-01-24 09:31:48","3948"
"","Great Post","positive","2023-01-21 15:43:28","2023-01-24 09:31:48","3948"
"","Delicios Cake","positive","2023-01-21 15:43:31","2023-01-24 09:31:48","3948"
"","Yummy Cake","positive","2023-01-21 15:43:35","2023-01-24 09:31:48","3948"
"","Wonderful Cake","positive","2023-01-21 15:43:37","2023-01-24 09:31:48","3948"
"","Great Post","positive","2023-01-21 15:56:36","2023-01-24 09:31:48","3935"
"","Delicios Cake","positive","2023-01-21 15:56:38","2023-01-24 09:31:48","3935"
"","Yummy Cake","positive","2023-01-21 15:56:41","2023-01-24 09:31:48","3935"
"","Wonderful Cake","positive","2023-01-21 15:56:43","2023-01-24 09:31:48","3935"
"","Awesome Post","positive","2023-01-21 16:23:24","2023-01-24 09:31:48","3908"
"","Great Post","positive","2023-01-21 16:23:30","2023-01-24 09:31:48","3908"
"","Delicios Cake","positive","2023-01-21 16:23:33","2023-01-24 09:31:48","3908"
"","Yummy Cake","positive","2023-01-21 16:23:39","2023-01-24 09:31:48","3908"
"","Wonderful Cake","positive","2023-01-21 16:23:43","2023-01-24 09:31:48","3908"
"0","@santoshcpcs Have a good day","positive","2023-01-23 05:00:53","",""
"0","@santoshcpcs Have a good day","positive","2023-01-23 05:00:57","2023-01-24 09:31:48","1710"
"0","@santoshcpcs Have a good day","positive","2023-01-23 05:00:58","2023-01-24 09:31:48","1710"
"0","@santoshcpcs Have a good day","positive","2023-01-23 05:00:59","2023-01-24 09:31:48","1710"
"0","@santoshcpcs Have a good day","positive","2023-01-23 05:01:00","2023-01-24 09:31:48","1710"
"0","@santoshcpcs Have a good day","positive","2023-01-23 05:01:01","2023-01-24 09:31:48","1710"
"0","@santoshcpcs Have a good day","positive","2023-01-23 05:01:02","2023-01-24 09:31:48","1710"
"0","@santoshcpcs Have a good day","positive","2023-01-23 05:01:03","2023-01-24 09:31:48","1710"
"0","@santoshcpcs Have a good day","positive","2023-01-23 05:01:04","2023-01-24 09:31:48","1710"
"0","@santoshcpcs Have a good day","positive","2023-01-23 05:01:06","2023-01-24 09:31:48","1710"
"0","@santoshcpcs Have a good day","positive","2023-01-23 05:01:07","2023-01-24 09:31:48","1710"
"0","@santoshcpcs Have a good day","positive","2023-01-23 05:01:09","2023-01-24 09:31:48","1710"
"0","@santoshcpcs Have a good day","positive","2023-01-23 05:01:11","2023-01-24 09:31:48","1710"
"0","@santoshcpcs Have a good day","positive","2023-01-23 05:01:13","2023-01-24 09:31:48","1710"
"0","@santoshcpcs Have a good day","positive","2023-01-23 05:01:15","2023-01-24 09:31:48","1710"
"0","@santoshcpcs Have a good day","positive","2023-01-23 05:01:17","2023-01-24 09:31:48","1710"
"0","@santoshcpcs Have a good day","positive","2023-01-23 05:01:19","2023-01-24 09:31:48","1710"
"0","@santoshcpcs Have a good day","positive","2023-01-23 05:01:21","2023-01-24 09:31:48","1710"
"0","@santoshcpcs Have a good day","positive","2023-01-23 05:01:22","2023-01-24 09:31:48","1710"
"0","@santoshcpcs Have a good day","positive","2023-01-23 05:01:28","2023-01-24 09:31:48","1710"
"","Good Morning, Hae a Good day","positive","2023-01-23 05:16:54","",""
"","Good Morning, Hae a Good day","positive","2023-01-23 05:17:00","2023-01-24 09:31:48","1694"
"","Good Morning, Hae a Good day","positive","2023-01-23 05:17:02","2023-01-24 09:31:48","1694"
"","Good Morning, Hae a Good day","positive","2023-01-23 05:17:04","2023-01-24 09:31:48","1694"
"","Good Morning, Hae a Good day","positive","2023-01-23 05:17:07","2023-01-24 09:31:48","1694"
"","Good Morning, Hae a Good day","positive","2023-01-23 05:17:10","2023-01-24 09:31:48","1694"
"","Good Morning, Hae a Good day","positive","2023-01-23 05:17:11","2023-01-24 09:31:48","1694"
"","Good Morning, Hae a Good day","positive","2023-01-23 05:17:13","2023-01-24 09:31:48","1694"
"","Good Morning, Hae a Good day","positive","2023-01-23 05:17:15","2023-01-24 09:31:48","1694"
"","Good Morning, Hae a Good day","positive","2023-01-23 05:17:17","2023-01-24 09:31:48","1694"
"","Good Morning, Hae a Good day","positive","2023-01-23 05:17:18","2023-01-24 09:31:48","1694"
"","Good Morning, Hae a Good day","positive","2023-01-23 05:17:20","2023-01-24 09:31:48","1694"
"","Good Morning, Hae a Good day","positive","2023-01-23 05:17:22","2023-01-24 09:31:48","1694"
"","Good Morning, Hae a Good day","positive","2023-01-23 05:17:24","2023-01-24 09:31:48","1694"
"","Good Morning, Hae a Good day","positive","2023-01-23 05:17:25","2023-01-24 09:31:48","1694"
"","Good Morning, Hae a Good day","positive","2023-01-23 05:17:28","2023-01-24 09:31:48","1694"
"","Good Morning, Hae a Good day","positive","2023-01-23 05:17:30","2023-01-24 09:31:48","1694"
"","Good Morning, Hae a Good day","positive","2023-01-23 05:17:34","2023-01-24 09:31:48","1694"
"","Good Morning, Hae a Good day","positive","2023-01-23 05:17:37","2023-01-24 09:31:48","1694"
"","Good Morning, Hae a Good day","positive","2023-01-23 05:17:47","2023-01-24 09:31:48","1694"
"","Best PoST","positive","2023-01-23 09:37:05","2023-01-24 09:31:48","1434"
"","Best PoST","positive","2023-01-23 09:37:31","2023-01-24 09:31:48","1434"
"","Best PoST","positive","2023-01-23 09:37:32","",""
"","Best PoST","positive","2023-01-23 09:37:34","2023-01-24 09:31:48","1434"
"","Best PoST","positive","2023-01-23 09:37:36","2023-01-24 09:31:48","1434"
"","Best PoST","positive","2023-01-23 09:37:37","2023-01-24 09:31:48","1434"
"","Best PoST","positive","2023-01-23 09:37:38","2023-01-24 09:31:48","1434"
"","Best PoST","positive","2023-01-23 09:37:40","2023-01-24 09:31:48","1434"
"","Best PoST","positive","2023-01-23 09:37:40","2023-01-24 09:31:48","1434"
"","Best PoST","positive","2023-01-23 09:37:42","2023-01-24 09:31:48","1434"
"","Best PoST","positive","2023-01-23 09:37:43","2023-01-24 09:31:48","1434"
"","Best PoST","positive","2023-01-23 09:37:44","2023-01-24 09:31:48","1434"
"","Best PoST","positive","2023-01-23 09:37:45","2023-01-24 09:31:48","1434"
"","Best PoST","positive","2023-01-23 09:37:47","2023-01-24 09:31:48","1434"
"","Best PoST","positive","2023-01-23 09:37:48","2023-01-24 09:31:48","1434"
"","Best PoST","positive","2023-01-23 09:37:49","2023-01-24 09:31:48","1433"
"0","RT @santoshcpcs: Cakes are avialable on 23 Jan Loc https://t.co/rIIPduWI9M","positive","2023-01-23 09:37:49","",""
"","Best PoST","positive","2023-01-23 09:37:50","2023-01-24 09:31:48","1433"
"","Best PoST","positive","2023-01-23 09:37:52","2023-01-24 09:31:48","1433"
"0","RT @santoshcpcs: Cakes are avialable on 23 Jan Loc https://t.co/rIIPduWI9M","positive","2023-01-23 09:37:52","2023-01-24 09:31:48","1433"
"","Best PoST","positive","2023-01-23 09:37:53","2023-01-24 09:31:48","1433"
"0","RT @santoshcpcs: Cakes are avialable on 23 Jan Loc https://t.co/rIIPduWI9M","positive","2023-01-23 09:37:53","2023-01-24 09:31:48","1433"
"0","RT @santoshcpcs: Cakes are avialable on 23 Jan Loc https://t.co/rIIPduWI9M","positive","2023-01-23 09:37:54","2023-01-24 09:31:48","1433"
"","Best PoST","positive","2023-01-23 09:37:54","2023-01-24 09:31:48","1433"
"0","RT @santoshcpcs: Cakes are avialable on 23 Jan Loc https://t.co/rIIPduWI9M","positive","2023-01-23 09:37:55","2023-01-24 09:31:48","1433"
"0","RT @santoshcpcs: Cakes are avialable on 23 Jan Loc https://t.co/rIIPduWI9M","positive","2023-01-23 09:37:56","2023-01-24 09:31:48","1433"
"0","RT @santoshcpcs: Cakes are avialable on 23 Jan Loc https://t.co/rIIPduWI9M","positive","2023-01-23 09:37:57","2023-01-24 09:31:48","1433"
"0","RT @santoshcpcs: Cakes are avialable on 23 Jan Loc https://t.co/rIIPduWI9M","positive","2023-01-23 09:37:58","2023-01-24 09:31:48","1433"
"","Best PoST","positive","2023-01-23 09:37:59","2023-01-24 09:31:48","1433"
"0","RT @santoshcpcs: Cakes are avialable on 23 Jan Loc https://t.co/rIIPduWI9M","positive","2023-01-23 09:37:59","2023-01-24 09:31:48","1433"
"","Awesome View","positive","2023-01-23 09:37:59","2023-01-24 09:31:48","1433"
"0","RT @santoshcpcs: Cakes are avialable on 23 Jan Loc https://t.co/rIIPduWI9M","positive","2023-01-23 09:38:00","2023-01-24 09:31:48","1433"
"","Awesome View","positive","2023-01-23 09:38:01","2023-01-24 09:31:48","1433"
"0","RT @santoshcpcs: Cakes are avialable on 23 Jan Loc https://t.co/rIIPduWI9M","positive","2023-01-23 09:38:01","2023-01-24 09:31:48","1433"
"0","@santoshcpcs Sweetiest Cak","negative","2023-01-23 09:38:01","",""
"","Awesome View","positive","2023-01-23 09:38:02","",""
"0","RT @santoshcpcs: Cakes are avialable on 23 Jan Loc https://t.co/rIIPduWI9M","positive","2023-01-23 09:38:02","2023-01-24 09:31:48","1433"
"0","RT @santoshcpcs: Cakes are avialable on 23 Jan Loc https://t.co/rIIPduWI9M","positive","2023-01-23 09:38:03","2023-01-24 09:31:48","1433"
"0","@santoshcpcs Sweetiest Cak","negative","2023-01-23 09:38:03","2023-01-24 09:31:48","1433"
"0","RT @santoshcpcs: Cakes are avialable on 23 Jan Loc https://t.co/rIIPduWI9M","positive","2023-01-23 09:38:04","2023-01-24 09:31:48","1433"
"","Awesome View","positive","2023-01-23 09:38:04","2023-01-24 09:31:48","1433"
"0","@santoshcpcs Sweetiest Cak","negative","2023-01-23 09:38:05","2023-01-24 09:31:48","1433"
"0","RT @santoshcpcs: Cakes are avialable on 23 Jan Loc https://t.co/rIIPduWI9M","positive","2023-01-23 09:38:05","2023-01-24 09:31:48","1433"
"","Awesome View","positive","2023-01-23 09:38:06","2023-01-24 09:31:48","1433"
"0","RT @santoshcpcs: Cakes are avialable on 23 Jan Loc https://t.co/rIIPduWI9M","positive","2023-01-23 09:38:06","2023-01-24 09:31:48","1433"
"","Awesome View","positive","2023-01-23 09:38:07","2023-01-24 09:31:48","1433"
"0","@santoshcpcs Sweetiest Cak","negative","2023-01-23 09:38:07","2023-01-24 09:31:48","1433"
"0","RT @santoshcpcs: Cakes are avialable on 23 Jan Loc https://t.co/rIIPduWI9M","positive","2023-01-23 09:38:07","2023-01-24 09:31:48","1433"
"","Awesome View","positive","2023-01-23 09:38:08","2023-01-24 09:31:48","1433"
"0","@santoshcpcs Sweetiest Cak","negative","2023-01-23 09:38:08","2023-01-24 09:31:48","1433"
"0","RT @santoshcpcs: Cakes are avialable on 23 Jan Loc https://t.co/rIIPduWI9M","positive","2023-01-23 09:38:08","2023-01-24 09:31:48","1433"
"","Awesome View","positive","2023-01-23 09:38:09","2023-01-24 09:31:48","1433"
"0","@santoshcpcs Sweetiest Cak","negative","2023-01-23 09:38:09","2023-01-24 09:31:48","1433"
"0","RT @santoshcpcs: Cakes are avialable on 23 Jan Loc https://t.co/rIIPduWI9M","positive","2023-01-23 09:38:09","2023-01-24 09:31:48","1433"
"","Awesome View","positive","2023-01-23 09:38:10","2023-01-24 09:31:48","1433"
"0","@santoshcpcs Sweetiest Cak","negative","2023-01-23 09:38:10","2023-01-24 09:31:48","1433"
"","Awesome View","positive","2023-01-23 09:38:11","2023-01-24 09:31:48","1433"
"0","@santoshcpcs Sweetiest Cak","negative","2023-01-23 09:38:11","2023-01-24 09:31:48","1433"
"","Awesome View","positive","2023-01-23 09:38:12","2023-01-24 09:31:48","1433"
"0","@santoshcpcs Sweetiest Cak","negative","2023-01-23 09:38:12","2023-01-24 09:31:48","1433"
"0","RT @santoshcpcs: Cakes are avialable on 23 Jan Loc https://t.co/rIIPduWI9M","positive","2023-01-23 09:38:13","2023-01-24 09:31:48","1433"
"","Awesome View","positive","2023-01-23 09:38:13","2023-01-24 09:31:48","1433"
"0","@santoshcpcs Sweetiest Cak","negative","2023-01-23 09:38:13","2023-01-24 09:31:48","1433"
"","Awesome View","positive","2023-01-23 09:38:14","2023-01-24 09:31:48","1433"
"0","@santoshcpcs Sweetiest Cak","negative","2023-01-23 09:38:14","2023-01-24 09:31:48","1433"
"","Awesome View","positive","2023-01-23 09:38:15","2023-01-24 09:31:48","1433"
"0","@santoshcpcs Sweetiest Cak","negative","2023-01-23 09:38:15","2023-01-24 09:31:48","1433"
"0","@santoshcpcs Best View","positive","2023-01-23 09:38:16","",""
"","Awesome View","positive","2023-01-23 09:38:16","2023-01-24 09:31:48","1433"
"0","@santoshcpcs Sweetiest Cak","negative","2023-01-23 09:38:17","2023-01-24 09:31:48","1433"
"","Awesome View","positive","2023-01-23 09:38:18","2023-01-24 09:31:48","1433"
"0","@santoshcpcs Best View","positive","2023-01-23 09:38:18","2023-01-24 09:31:48","1433"
"0","@santoshcpcs Sweetiest Cak","negative","2023-01-23 09:38:18","2023-01-24 09:31:48","1433"
"0","@santoshcpcs Best View","positive","2023-01-23 09:38:19","2023-01-24 09:31:48","1433"
"0","@santoshcpcs Sweetiest Cak","negative","2023-01-23 09:38:19","2023-01-24 09:31:48","1433"
"","Awesome View","positive","2023-01-23 09:38:19","2023-01-24 09:31:48","1433"
"0","@santoshcpcs Best View","positive","2023-01-23 09:38:20","2023-01-24 09:31:48","1433"
"0","@santoshcpcs Sweetiest Cak","negative","2023-01-23 09:38:21","2023-01-24 09:31:48","1433"
"","Awesome View","positive","2023-01-23 09:38:21","2023-01-24 09:31:48","1433"
"0","@santoshcpcs Best View","positive","2023-01-23 09:38:21","2023-01-24 09:31:48","1433"
"0","@santoshcpcs Sweetiest Cak","negative","2023-01-23 09:38:22","2023-01-24 09:31:48","1433"
"","Awesome View","positive","2023-01-23 09:38:22","2023-01-24 09:31:48","1433"
"0","@santoshcpcs Best View","positive","2023-01-23 09:38:22","2023-01-24 09:31:48","1433"
"","Awesome View","positive","2023-01-23 09:38:23","2023-01-24 09:31:48","1433"
"0","@santoshcpcs Sweetiest Cak","negative","2023-01-23 09:38:23","2023-01-24 09:31:48","1433"
"0","@santoshcpcs Best View","positive","2023-01-23 09:38:23","2023-01-24 09:31:48","1433"
"0","@santoshcpcs Sweetiest Cak","negative","2023-01-23 09:38:24","2023-01-24 09:31:48","1433"
"0","@santoshcpcs Best View","positive","2023-01-23 09:38:24","2023-01-24 09:31:48","1433"
"0","@santoshcpcs Best View","positive","2023-01-23 09:38:25","2023-01-24 09:31:48","1433"
"0","@santoshcpcs Best View","positive","2023-01-23 09:38:26","2023-01-24 09:31:48","1433"
"0","@santoshcpcs Best View","positive","2023-01-23 09:38:27","2023-01-24 09:31:48","1433"
"","Awesome View","positive","2023-01-23 09:38:27","2023-01-24 09:31:48","1433"
"0","@santoshcpcs Best View","positive","2023-01-23 09:38:28","2023-01-24 09:31:48","1433"
"0","@santoshcpcs Sweetiest Cak","negative","2023-01-23 09:38:29","2023-01-24 09:31:48","1433"
"0","@santoshcpcs Best View","positive","2023-01-23 09:38:29","2023-01-24 09:31:48","1433"
"0","@santoshcpcs Best View","positive","2023-01-23 09:38:30","2023-01-24 09:31:48","1433"
"0","@santoshcpcs Best View","positive","2023-01-23 09:38:31","2023-01-24 09:31:48","1433"
"0","@santoshcpcs Best View","positive","2023-01-23 09:38:32","2023-01-24 09:31:48","1433"
"0","@santoshcpcs Fantastic View","positive","2023-01-23 09:38:33","",""
"0","@santoshcpcs Best View","positive","2023-01-23 09:38:33","2023-01-24 09:31:48","1433"
"0","@santoshcpcs Best View","positive","2023-01-23 09:38:34","2023-01-24 09:31:48","1433"
"0","@santoshcpcs Fantastic View","positive","2023-01-23 09:38:35","2023-01-24 09:31:48","1433"
"0","@santoshcpcs Best View","positive","2023-01-23 09:38:35","2023-01-24 09:31:48","1433"
"0","@santoshcpcs Fantastic View","positive","2023-01-23 09:38:36","2023-01-24 09:31:48","1433"
"0","@santoshcpcs Fantastic View","positive","2023-01-23 09:38:37","2023-01-24 09:31:48","1433"
"0","@santoshcpcs Fantastic View","positive","2023-01-23 09:38:38","2023-01-24 09:31:48","1433"
"0","@santoshcpcs Best View","positive","2023-01-23 09:38:39","2023-01-24 09:31:48","1433"
"0","@santoshcpcs Fantastic View","positive","2023-01-23 09:38:39","2023-01-24 09:31:48","1433"
"0","@santoshcpcs Fantastic View","positive","2023-01-23 09:38:40","2023-01-24 09:31:48","1433"
"0","@santoshcpcs Fantastic View","positive","2023-01-23 09:38:42","2023-01-24 09:31:48","1433"
"0","@santoshcpcs Fantastic View","positive","2023-01-23 09:38:43","2023-01-24 09:31:48","1433"
"0","@santoshcpcs Delicious Cake","positive","2023-01-23 09:38:43","",""
"0","@santoshcpcs Fantastic View","positive","2023-01-23 09:38:44","2023-01-24 09:31:48","1433"
"0","@santoshcpcs Fantastic View","positive","2023-01-23 09:38:45","2023-01-24 09:31:48","1433"
"0","@santoshcpcs Delicious Cake","positive","2023-01-23 09:38:45","2023-01-24 09:31:48","1433"
"0","@santoshcpcs Fantastic View","positive","2023-01-23 09:38:46","2023-01-24 09:31:48","1433"
"0","@santoshcpcs Delicious Cake","positive","2023-01-23 09:38:46","2023-01-24 09:31:48","1433"
"0","@santoshcpcs Fantastic View","positive","2023-01-23 09:38:47","2023-01-24 09:31:48","1433"
"0","@santoshcpcs Delicious Cake","positive","2023-01-23 09:38:48","2023-01-24 09:31:48","1433"
"0","@santoshcpcs Fantastic View","positive","2023-01-23 09:38:48","2023-01-24 09:31:48","1433"
"0","@santoshcpcs Delicious Cake","positive","2023-01-23 09:38:49","2023-01-24 09:31:48","1432"
"0","@santoshcpcs Fantastic View","positive","2023-01-23 09:38:49","2023-01-24 09:31:48","1432"
"0","@santoshcpcs Delicious Cake","positive","2023-01-23 09:38:50","2023-01-24 09:31:48","1432"
"0","@santoshcpcs Fantastic View","positive","2023-01-23 09:38:50","2023-01-24 09:31:48","1432"
"0","@santoshcpcs Delicious Cake","positive","2023-01-23 09:38:51","2023-01-24 09:31:48","1432"
"0","@santoshcpcs Fantastic View","positive","2023-01-23 09:38:51","2023-01-24 09:31:48","1432"
"0","@santoshcpcs Delicious Cake","positive","2023-01-23 09:38:52","2023-01-24 09:31:48","1432"
"0","@santoshcpcs Fantastic View","positive","2023-01-23 09:38:52","2023-01-24 09:31:48","1432"
"0","@santoshcpcs Delicious Cake","positive","2023-01-23 09:38:53","2023-01-24 09:31:48","1432"
"0","@santoshcpcs Fantastic View","positive","2023-01-23 09:38:53","2023-01-24 09:31:48","1432"
"0","@santoshcpcs Delicious Cake","positive","2023-01-23 09:38:54","2023-01-24 09:31:48","1432"
"0","@santoshcpcs Delicious Cake","positive","2023-01-23 09:38:55","2023-01-24 09:31:48","1432"
"0","@santoshcpcs Delicious Cake","positive","2023-01-23 09:38:56","2023-01-24 09:31:48","1432"
"0","@santoshcpcs Delicious Cake","positive","2023-01-23 09:38:57","2023-01-24 09:31:48","1432"
"0","@santoshcpcs Fantastic View","positive","2023-01-23 09:38:58","2023-01-24 09:31:48","1432"
"0","@santoshcpcs Delicious Cake","positive","2023-01-23 09:38:58","2023-01-24 09:31:48","1432"
"0","@santoshcpcs Delicious Cake","positive","2023-01-23 09:38:59","2023-01-24 09:31:48","1432"
"0","@santoshcpcs Delicious Cake","positive","2023-01-23 09:39:00","2023-01-24 09:31:48","1432"
"0","@santoshcpcs Delicious Cake","positive","2023-01-23 09:39:01","2023-01-24 09:31:48","1432"
"0","@santoshcpcs Delicious Cake","positive","2023-01-23 09:39:02","2023-01-24 09:31:48","1432"
"0","@santoshcpcs Delicious Cake","positive","2023-01-23 09:39:03","2023-01-24 09:31:48","1432"
"0","@santoshcpcs Delicious Cake","positive","2023-01-23 09:39:08","2023-01-24 09:31:48","1432"
"","Awesome Bird Post","positive","2023-01-23 09:40:43","2023-01-24 09:31:48","1431"
"","Awesome Bird Post","positive","2023-01-23 09:40:44","2023-01-24 09:31:48","1431"
"","Awesome Bird Post","positive","2023-01-23 09:40:46","",""
"","Awesome Bird Post","positive","2023-01-23 09:40:49","2023-01-24 09:31:48","1430"
"","Awesome Bird Post","positive","2023-01-23 09:40:50","2023-01-24 09:31:48","1430"
"","Awesome Bird Post","positive","2023-01-23 09:40:51","2023-01-24 09:31:48","1430"
"","Awesome Bird Post","positive","2023-01-23 09:40:53","2023-01-24 09:31:48","1430"
"","Awesome Bird Post","positive","2023-01-23 09:40:55","2023-01-24 09:31:48","1430"
"","Awesome Bird Post","positive","2023-01-23 09:40:56","2023-01-24 09:31:48","1430"
"","Awesome Bird Post","positive","2023-01-23 09:40:57","2023-01-24 09:31:48","1430"
"","Awesome Bird Post","positive","2023-01-23 09:40:58","2023-01-24 09:31:48","1430"
"","Awesome Bird Post","positive","2023-01-23 09:40:59","2023-01-24 09:31:48","1430"
"","Awesome Bird Post","positive","2023-01-23 09:41:00","2023-01-24 09:31:48","1430"
"","Awesome Bird Post","positive","2023-01-23 09:41:02","2023-01-24 09:31:48","1430"
"","Awesome morning View","positive","2023-01-23 09:41:03","2023-01-24 09:31:48","1430"
"","Awesome Bird Post","positive","2023-01-23 09:41:03","2023-01-24 09:31:48","1430"
"","Awesome morning View","positive","2023-01-23 09:41:04","2023-01-24 09:31:48","1430"
"","Awesome Bird Post","positive","2023-01-23 09:41:04","2023-01-24 09:31:48","1430"
"","Awesome morning View","positive","2023-01-23 09:41:05","",""
"","Awesome Bird Post","positive","2023-01-23 09:41:05","2023-01-24 09:31:48","1430"
"","Awesome Bird Post","positive","2023-01-23 09:41:06","2023-01-24 09:31:48","1430"
"","Awesome morning View","positive","2023-01-23 09:41:07","2023-01-24 09:31:48","1430"
"","Awesome Bird Post","positive","2023-01-23 09:41:08","2023-01-24 09:31:48","1430"
"","Awesome morning View","positive","2023-01-23 09:41:08","2023-01-24 09:31:48","1430"
"","Awesome Bird Post","positive","2023-01-23 09:41:09","2023-01-24 09:31:48","1430"
"","Awesome morning View","positive","2023-01-23 09:41:09","2023-01-24 09:31:48","1430"
"","Awesome morning View","positive","2023-01-23 09:41:11","2023-01-24 09:31:48","1430"
"","Awesome morning View","positive","2023-01-23 09:41:12","2023-01-24 09:31:48","1430"
"","Awesome morning View","positive","2023-01-23 09:41:13","2023-01-24 09:31:48","1430"
"","Awesome morning View","positive","2023-01-23 09:41:14","2023-01-24 09:31:48","1430"
"","Awesome Bird Post","positive","2023-01-23 09:41:15","2023-01-24 09:31:48","1430"
"","Awesome morning View","positive","2023-01-23 09:41:16","2023-01-24 09:31:48","1430"
"","Awesome morning View","positive","2023-01-23 09:41:16","2023-01-24 09:31:48","1430"
"","Awesome morning View","positive","2023-01-23 09:41:18","2023-01-24 09:31:48","1430"
"","Awesome morning View","positive","2023-01-23 09:41:18","2023-01-24 09:31:48","1430"
"","Awesome morning View","positive","2023-01-23 09:41:20","2023-01-24 09:31:48","1430"
"","Awesome morning View","positive","2023-01-23 09:41:21","2023-01-24 09:31:48","1430"
"","Awesome morning View","positive","2023-01-23 09:41:23","2023-01-24 09:31:48","1430"
"","Awesome morning View","positive","2023-01-23 09:41:24","2023-01-24 09:31:48","1430"
"","Awesome morning View","positive","2023-01-23 09:41:27","2023-01-24 09:31:48","1430"
"","Awesome morning View","positive","2023-01-23 09:41:28","2023-01-24 09:31:48","1430"
"","Awesome morning View","positive","2023-01-23 09:41:33","2023-01-24 09:31:48","1430"
"","hi","neutral","2023-01-23 16:19:32","2023-01-23 16:20:13","0"
"","hi","neutral","2023-01-23 16:19:32","2023-01-23 16:20:36","1"
"","hi","neutral","2023-01-23 16:19:32","2023-01-23 16:20:16","0"
"","hi","neutral","2023-01-23 16:19:32","2023-01-23 16:20:17","0"
"","hi","neutral","2023-01-23 16:19:32","2023-01-23 16:20:17","0"
"","hi","neutral","2023-01-23 16:19:32","2023-01-23 16:20:19","0"
"","hi","neutral","2023-01-23 16:19:32","2023-01-23 16:20:20","0"
"","hi","neutral","2023-01-23 16:19:32","2023-01-23 16:19:48","0"
"","hi","neutral","2023-01-23 16:19:32","2023-01-23 16:19:47","0"
"","hi","neutral","2023-01-23 16:19:32","2023-01-23 16:19:48","0"
"","hi","neutral","2023-01-23 16:19:32","2023-01-23 16:20:25","0"
"","hi","neutral","2023-01-23 16:19:32","2023-01-23 16:20:26","0"
"","hi","neutral","2023-01-23 16:19:32","2023-01-23 16:20:27","0"
"","hi","neutral","2023-01-23 16:19:32","2023-01-23 16:20:29","0"
"","hi","neutral","2023-01-23 16:19:32","2023-01-23 16:20:31","0"
"","hi","neutral","2023-01-23 16:19:32","2023-01-23 16:20:32","1"
"","hi","neutral","2023-01-23 16:19:32","2023-01-23 16:20:34","1"
"","hi","neutral","2023-01-23 16:19:32","2023-01-23 16:20:35","1"
"","hi","neutral","2023-01-23 16:19:32","2023-01-23 16:20:37","1"
"","hi","neutral","2023-01-23 16:19:32","2023-01-23 16:20:37","1"
"","hi","neutral","2023-01-23 16:19:32","2023-01-23 16:20:39","1"
"","hi","neutral","2023-01-23 16:19:32","2023-01-23 16:20:10","0"
"","hi","neutral","2023-01-23 16:19:32","2023-01-23 16:23:38","4"
"","23 JAn topic","neutral","2023-01-23 16:19:46","2023-01-23 16:20:22","0"
"","23 JAn topic","neutral","2023-01-23 16:19:46","2023-01-23 16:20:23","0"
"","23 JAn topic","neutral","2023-01-23 16:19:46","2023-01-23 16:23:03","3"
"","23 JAn topic","neutral","2023-01-23 16:19:46","2023-01-23 16:23:04","3"
"","23 JAn topic","neutral","2023-01-23 16:19:46","2023-01-23 16:23:05","3"
"","23 JAn topic","neutral","2023-01-23 16:19:46","2023-01-23 16:20:20","0"
"","23 JAn topic","neutral","2023-01-23 16:19:46","2023-01-23 16:20:19","0"
"","23 JAn topic","neutral","2023-01-23 16:19:46","2023-01-23 16:23:09","3"
"","23 JAn topic","neutral","2023-01-23 16:19:46","2023-01-23 16:23:12","3"
"","23 JAn topic","neutral","2023-01-23 16:19:46","2023-01-23 16:23:07","3"
"","23 JAn topic","neutral","2023-01-23 16:19:46","2023-01-23 16:23:15","3"
"","ok","neutral","2023-01-23 16:20:06","2023-01-23 16:23:17","3"
"","ok","neutral","2023-01-23 16:20:06","2023-01-23 16:23:19","3"
"","ok","neutral","2023-01-23 16:20:06","2023-01-23 16:23:19","3"
"","ok","neutral","2023-01-23 16:20:06","2023-01-23 16:20:29","0"
"","ok","neutral","2023-01-23 16:20:06","2023-01-23 16:20:30","0"
"","ok","neutral","2023-01-23 16:20:06","2023-01-23 16:23:21","3"
"","ok","neutral","2023-01-23 16:20:06","2023-01-23 16:20:31","0"
"","ok","neutral","2023-01-23 16:20:06","2023-01-23 16:23:23","3"
"","ok","neutral","2023-01-23 16:20:06","2023-01-23 16:23:24","3"
"","ok","neutral","2023-01-23 16:20:06","2023-01-23 16:23:23","3"
"","ok","neutral","2023-01-23 16:20:06","2023-01-23 16:20:34","0"
"","ok","neutral","2023-01-23 16:20:06","2023-01-23 16:23:27","3"
"","ok","neutral","2023-01-23 16:20:06","2023-01-23 16:23:26","3"
"","ok","neutral","2023-01-23 16:20:06","2023-01-23 16:23:28","3"
"","ok","neutral","2023-01-23 16:20:06","2023-01-23 16:23:29","3"
"","ok","neutral","2023-01-23 16:20:06","2023-01-23 16:23:30","3"
"","ok","neutral","2023-01-23 16:20:06","2023-01-23 16:23:31","3"
"","hi","neutral","2023-01-23 16:21:41","2023-01-24 09:31:48","1030"
"","hi","neutral","2023-01-23 16:21:41","2023-01-24 09:31:48","1030"
"","hi","neutral","2023-01-23 16:21:41","",""
"","hi","neutral","2023-01-23 16:21:41","2023-01-24 09:31:48","1030"
"","hi","neutral","2023-01-23 16:21:41","2023-01-24 09:31:48","1030"
"","hi","neutral","2023-01-23 16:21:41","2023-01-24 09:31:48","1030"
"","hi","neutral","2023-01-23 16:21:41","2023-01-24 09:31:48","1030"
"","hi","neutral","2023-01-23 16:21:41","2023-01-24 09:31:48","1030"
"","hi","neutral","2023-01-23 16:21:41","2023-01-24 09:31:48","1030"
"","hi","neutral","2023-01-23 16:21:41","2023-01-24 09:31:48","1030"
"","hi","neutral","2023-01-23 16:21:41","2023-01-24 09:31:48","1030"
"","hi","neutral","2023-01-23 16:21:41","2023-01-24 09:31:48","1030"
"","hi","neutral","2023-01-23 16:21:41","2023-01-23 16:23:25","1"
"","hi","neutral","2023-01-23 16:21:41","2023-01-24 09:31:48","1030"
"","hi","neutral","2023-01-23 16:21:41","2023-01-24 09:31:48","1030"
"","hi","neutral","2023-01-23 16:21:41","2023-01-24 09:31:48","1030"
"","hi","neutral","2023-01-23 16:21:41","2023-01-24 09:31:48","1030"
"","hi","neutral","2023-01-23 16:21:41","2023-01-24 09:31:48","1030"
"","hi","neutral","2023-01-23 16:21:41","2023-01-24 09:31:48","1030"
"","hi","neutral","2023-01-23 16:21:41","2023-01-24 09:31:48","1030"
"","hi","neutral","2023-01-23 16:21:41","2023-01-24 09:31:48","1030"
"","hi","neutral","2023-01-23 16:21:41","2023-01-24 11:20:00","1138"
"","hi","neutral","2023-01-23 16:22:57","2023-01-23 16:24:53","1"
"","hi","neutral","2023-01-23 16:22:57","2023-01-23 16:24:00","1"
"","hi","neutral","2023-01-23 16:22:57","2023-01-23 16:23:08","0"
"","hi","neutral","2023-01-23 16:22:57","2023-01-23 16:23:08","0"
"","hi","neutral","2023-01-23 16:22:57","2023-01-23 16:23:11","0"
"","hi","neutral","2023-01-23 16:22:57","2023-01-23 16:23:15","0"
"","hi","neutral","2023-01-23 16:22:57","2023-01-23 16:23:13","0"
"","hi","neutral","2023-01-23 16:22:57","2023-01-23 16:25:04","2"
"","hi","neutral","2023-01-23 16:22:57","2023-01-23 16:23:16","0"
"","hi","neutral","2023-01-23 16:22:57","2023-01-23 16:25:02","2"
"","hi","neutral","2023-01-23 16:22:57","2023-01-23 16:25:07","2"
"","hi","neutral","2023-01-23 16:22:57","2023-01-23 16:25:09","2"
"","hi","neutral","2023-01-23 16:22:57","2023-01-23 16:25:11","2"
"","hi","neutral","2023-01-23 16:22:57","2023-01-23 16:25:13","2"
"","hi","neutral","2023-01-23 16:22:57","2023-01-23 16:25:16","2"
"","hi","neutral","2023-01-23 16:22:57","2023-01-23 16:25:17","2"
"","hi","neutral","2023-01-23 16:22:57","2023-01-23 16:25:19","2"
"","hi","neutral","2023-01-23 16:22:57","2023-01-23 16:25:20","2"
"","hi","neutral","2023-01-23 16:22:57","2023-01-23 16:25:21","2"
"","hi","neutral","2023-01-23 16:22:57","2023-01-23 16:25:22","2"
"","hi","neutral","2023-01-23 16:22:57","2023-01-23 16:25:22","2"
"","hi","neutral","2023-01-23 16:22:57","2023-01-23 16:23:31","0"
"","hi","neutral","2023-01-23 16:22:57","2023-01-23 16:25:24","2"
"","hi","neutral","2023-01-23 16:22:57","2023-01-23 16:25:23","2"
"","hi","neutral","2023-01-23 16:22:57","2023-01-23 16:25:25","2"
"","hi","neutral","2023-01-23 16:22:57","2023-01-23 16:25:28","2"
"","23 JAn topic edited","neutral","2023-01-23 16:23:05","2023-01-23 16:24:06","1"
"","23 JAn topic edited","neutral","2023-01-23 16:23:05","2023-01-23 16:24:58","1"
"","23 JAn topic edited","neutral","2023-01-23 16:23:05","2023-01-23 16:25:51","2"
"","23 JAn topic edited","neutral","2023-01-23 16:23:05","2023-01-23 16:25:08","2"
"","test","neutral","2023-01-23 16:24:49","2023-01-23 16:25:09","0"
"","test","neutral","2023-01-23 16:24:49","2023-01-23 16:25:04","0"
"","test","neutral","2023-01-23 16:24:49","2023-01-23 16:25:10","0"
"","test","neutral","2023-01-23 16:24:49","2023-01-23 16:27:28","2"
"","test","neutral","2023-01-23 16:24:49","2023-01-23 16:27:29","2"
"","test","neutral","2023-01-23 16:24:49","2023-01-23 16:27:30","2"
"","test","neutral","2023-01-23 16:24:49","2023-01-23 16:27:31","2"
"","test","neutral","2023-01-23 16:24:49","2023-01-23 16:27:32","2"
"","test","neutral","2023-01-23 16:24:49","2023-01-23 16:27:33","2"
"","test","neutral","2023-01-23 16:24:49","2023-01-23 16:25:18","0"
"","test","neutral","2023-01-23 16:24:49","2023-01-23 16:27:33","2"
"","test","neutral","2023-01-23 16:24:49","2023-01-23 16:27:34","2"
"","test","neutral","2023-01-23 16:24:49","2023-01-23 16:27:35","2"
"","test","neutral","2023-01-23 16:24:49","2023-01-23 16:27:36","2"
"","test","neutral","2023-01-23 16:24:49","2023-01-23 16:27:38","2"
"","test","neutral","2023-01-23 16:24:49","2023-01-23 16:27:39","2"
"","test","neutral","2023-01-23 16:24:49","2023-01-23 16:27:39","2"
"","test","neutral","2023-01-23 16:24:49","2023-01-23 16:27:40","2"
"","test","neutral","2023-01-23 16:24:49","2023-01-23 16:27:43","2"
"","test","neutral","2023-01-23 16:24:49","2023-01-23 16:27:45","2"
"","hi","neutral","2023-01-23 16:25:01","2023-01-23 16:26:03","1"
"","hi","neutral","2023-01-23 16:25:01","2023-01-23 16:27:19","2"
"","hi","neutral","2023-01-23 16:25:01","2023-01-23 16:27:20","2"
"","hi","neutral","2023-01-23 16:25:01","2023-01-23 16:27:22","2"
"","hi","neutral","2023-01-23 16:25:01","2023-01-23 16:25:12","0"
"","hi","neutral","2023-01-23 16:25:01","2023-01-23 16:27:24","2"
"","humna","neutral","2023-01-23 16:27:14","2023-01-23 16:28:16","1"
"","humna","neutral","2023-01-23 16:27:14","2023-01-23 16:27:25","0"
"","humna","neutral","2023-01-23 16:27:14","2023-01-23 16:27:28","0"
"","humna","neutral","2023-01-23 16:27:14","2023-01-23 16:27:24","0"
"","humna","neutral","2023-01-23 16:27:14","2023-01-23 16:27:27","0"
"","humna","neutral","2023-01-23 16:27:14","2023-01-24 09:31:48","1024"
"","humna","neutral","2023-01-23 16:27:14","2023-01-24 09:31:48","1024"
"","humna","neutral","2023-01-23 16:27:14","2023-01-24 09:31:48","1024"
"","humna","neutral","2023-01-23 16:27:14","2023-01-24 09:31:48","1024"
"","humna","neutral","2023-01-23 16:27:14","2023-01-24 09:31:48","1024"
"","humna","neutral","2023-01-23 16:27:14","2023-01-24 09:31:48","1024"
"","humna","neutral","2023-01-23 16:27:14","2023-01-24 09:31:48","1024"
"","humna","neutral","2023-01-23 16:27:14","2023-01-24 09:31:48","1024"
"","humna","neutral","2023-01-23 16:27:14","2023-01-24 09:31:48","1024"
"","humna","neutral","2023-01-23 16:27:14","2023-01-24 09:31:48","1024"
"","humna","neutral","2023-01-23 16:27:14","2023-01-24 09:31:48","1024"
"","humna","neutral","2023-01-23 16:27:14","2023-01-24 09:31:48","1024"
"","humna","neutral","2023-01-23 16:27:14","2023-01-24 09:31:48","1024"
"","humna","neutral","2023-01-23 16:27:14","2023-01-24 09:31:48","1024"
"","humna","neutral","2023-01-23 16:27:14","2023-01-24 09:31:48","1024"
"","humna","neutral","2023-01-23 16:27:14","2023-01-24 09:31:48","1024"
"","humna","neutral","2023-01-23 16:27:14","2023-01-24 09:31:48","1024"
"","human","neutral","2023-01-23 16:27:18","2023-01-23 16:27:24","0"
"","human","neutral","2023-01-23 16:27:18","2023-01-23 16:27:25","0"
"","Talk to Human","neutral","2023-01-23 16:27:22","2023-01-24 11:20:00","1132"
"","Talk to Human","neutral","2023-01-23 16:27:22","2023-01-24 09:31:48","1024"
"","Talk to Human","neutral","2023-01-23 16:27:22","2023-01-24 09:31:48","1024"
"","Talk to Human","neutral","2023-01-23 16:27:22","",""
